time,theta_m,theta_D_joint,theta_P_joint,theta_M_joint,pwm
0,0.0,72.0,89.0,67.0,418
0.03,0.0,72.0,89.0,57.899406580000004,418
0.06,0.0,72.0,89.0,48.799616378375255,418
0.09,0.0,72.0,89.0,39.7006293242337,418
0.12,0.0,72.0,89.0,30.602445346689546,418
0.15,0.0,72.0,89.0,21.50506437486325,418
0.18,0.0,72.0,89.0,12.408486337881525,418
